ID_Programme,Nom_Programme,Taux_Satisfaction,Taux_Retention,Efficacite_Cours
1,Art,52.39,38.88,64.09
2,Huge,2.04,44.79,73.93
3,Cover,60.62,11.64,53.43
4,Tend,98.2,55.45,4.72
5,View,5.91,33.83,30.29
6,Prepare,37.31,36.57,18.82
7,Green,16.85,23.95,96.42
8,Development,96.36,81.76,5.24
9,Hot,52.91,18.83,82.54
10,Reality,0.47,40.43,87.37
11,Appear,38.48,35.83,73.85
12,We,2.77,91.66,52.4
13,Improve,90.51,92.11,17.83
14,Eight,56.34,81.09,37.08
15,These,85.94,90.97,69.92
16,Watch,95.57,70.76,91.07
17,Prove,18.85,83.91,9.87
18,Street,62.09,9.88,95.0
19,Seven,18.18,51.98,89.24
20,Measure,21.84,66.35,71.24
21,Treatment,34.52,32.06,7.3
22,Success,87.21,52.73,20.36
23,Election,91.26,57.51,20.67
24,Audience,59.97,53.19,64.04
25,Top,57.4,39.42,1.56
26,Raise,89.14,54.64,92.21
27,Building,70.64,20.09,20.6
28,Night,87.97,32.03,68.94
29,Around,17.75,44.79,92.43
30,Expert,14.88,19.8,0.47
31,Industry,81.9,94.42,24.04
32,Return,3.03,42.63,81.36
33,Student,3.88,43.51,83.13
34,Million,53.76,8.24,98.44
35,Fact,95.8,2.38,98.71
36,Book,94.07,10.43,82.66
37,Their,80.72,56.13,37.18
38,Eat,31.17,60.97,83.78
39,According,29.14,30.59,4.48
40,Mention,34.91,99.23,14.17
41,Relationship,18.04,77.07,24.62
42,Forward,51.85,77.08,66.85
43,Drop,90.02,69.89,88.19
44,Tough,49.77,52.76,42.28
45,Operation,60.35,4.16,57.05
46,Focus,99.73,94.68,86.37
47,Sport,92.0,30.71,62.62
48,Campaign,93.78,58.75,20.49
49,Read,92.86,90.03,87.87
50,Or,54.8,54.28,73.66
